pokemon_id,move_id
1,22
1,33
1,36
1,38
1,45
1,73
1,74
1,75
1,77
1,79
1,230
1,235
1,388
1,402
2,22
2,33
2,36
2,38
2,45
2,73
2,74
2,75
2,76
2,77
2,79
2,230
2,235
2,388
3,22
3,33
3,36
3,38
3,45
3,73
3,74
3,75
3,76
3,77
3,79
3,80
3,230
3,235
3,388
4,10
4,45
4,52
4,53
4,82
4,83
4,108
4,163
4,184
4,424
4,481
4,517
5,10
5,45
5,52
5,53
5,82
5,83
5,108
5,163
5,184
5,424
5,481
5,517
6,10
6,17
6,45
6,52
6,53
6,82
6,83
6,108
6,163
6,184
6,257
6,337
6,394
6,403
6,421
6,424
6,481
6,517
7,33
7,39
7,44
7,55
7,56
7,110
7,130
7,145
7,182
7,229
7,240
7,334
7,352
7,401
8,33
8,39
8,44
8,55
8,56
8,110
8,130
8,145
8,182
8,229
8,240
8,334
8,352
8,401
9,33
9,39
9,44
9,55
9,56
9,110
9,130
9,145
9,182
9,229
9,240
9,334
9,352
9,401
9,430
10,33
10,81
10,450
11,106
12,16
12,18
12,48
12,60
12,77
12,78
12,79
12,93
12,219
12,318
12,366
12,405
12,445
12,476
12,483
13,40
13,81
13,450
14,106
15,31
15,41
15,42
15,97
15,99
15,116
15,228
15,283
15,372
15,390
15,398
16,16
16,17
16,18
16,28
16,33
16,97
16,98
16,119
16,239
16,297
16,355
16,366
16,403
16,542
17,16
17,17
17,18
17,28
17,33
17,97
17,98
17,119
17,239
17,297
17,355
17,366
17,403
17,542
18,16
18,17
18,18
18,28
18,33
18,97
18,98
18,119
18,239
18,297
18,355
18,366
18,403
18,542
19,33
19,38
19,39
19,44
19,98
19,116
19,158
19,162
19,228
19,242
19,283
19,372
19,389
20,14
20,33
20,38
20,39
20,44
20,98
20,116
20,158
20,162
20,184
20,228
20,242
20,283
20,372
20,389
21,31
21,43
21,45
21,64
21,65
21,97
21,119
21,228
21,332
21,355
21,372
22,31
22,43
22,45
22,64
22,65
22,97
22,119
22,228
22,332
22,355
22,365
22,372
22,529
23,35
23,40
23,43
23,44
23,51
23,103
23,114
23,137
23,254
23,255
23,256
23,380
23,426
23,441
23,489
23,491
24,35
24,40
24,43
24,44
24,51
24,103
24,114
24,137
24,242
24,254
24,255
24,256
24,380
24,422
24,423
24,424
24,426
24,441
24,489
24,491
25,21
25,39
25,45
25,84
25,85
25,86
25,87
25,97
25,98
25,104
25,113
25,364
25,435
25,486
26,39
26,84
26,85
26,98
27,10
27,14
27,28
27,40
27,89
27,91
27,111
27,129
27,154
27,163
27,201
27,205
27,210
27,222
27,229
27,328
27,360
28,10
28,14
28,28
28,40
28,89
28,91
28,111
28,129
28,154
28,163
28,201
28,205
28,210
28,222
28,229
28,306
28,328
28,360
29,10
29,24
29,39
29,40
29,44
29,45
29,154
29,242
29,260
29,270
29,305
29,390
29,445
30,10
30,24
30,39
30,40
30,44
30,45
30,154
30,242
30,260
30,270
30,305
30,390
30,445
31,10
31,24
31,34
31,39
31,40
31,276
31,414
31,498
32,24
32,30
32,31
32,32
32,40
32,43
32,64
32,116
32,260
32,270
32,390
32,398
32,445
33,24
33,30
33,31
33,32
33,40
33,43
33,64
33,116
33,260
33,270
33,390
33,398
33,445
34,24
34,37
34,40
34,64
34,116
34,224
34,414
34,498
35,1
35,3
35,34
35,45
35,47
35,107
35,111
35,113
35,118
35,227
35,236
35,266
35,309
35,322
35,356
35,358
35,361
35,381
35,495
35,500
35,516
36,3
36,47
36,107
36,118
37,39
37,46
37,52
37,53
37,83
37,98
37,109
37,126
37,185
37,219
37,261
37,286
37,288
37,326
37,371
37,445
37,481
37,506
37,517
38,52
38,98
38,109
38,219
38,417
39,1
39,3
39,34
39,38
39,47
39,50
39,102
39,111
39,156
39,205
39,304
39,358
39,360
39,496
40,3
40,47
40,50
40,111
41,17
41,44
41,48
41,109
41,114
41,129
41,141
41,212
41,305
41,310
41,314
41,403
41,512
42,17
42,44
42,48
42,103
42,109
42,114
42,129
42,141
42,212
42,305
42,310
42,314
42,403
42,512
43,51
43,71
43,72
43,77
43,78
43,79
43,80
43,202
43,230
43,236
43,363
43,381
44,51
44,71
44,72
44,77
44,78
44,79
44,80
44,202
44,230
44,236
44,363
44,381
45,72
45,76
45,77
45,78
45,80
45,312
46,10
46,74
46,77
46,78
46,141
46,147
46,163
46,202
46,210
46,312
46,404
46,476
47,10
47,74
47,77
47,78
47,141
47,147
47,163
47,202
47,210
47,312
47,404
47,440
47,476
48,33
48,48
48,50
48,60
48,77
48,78
48,79
48,93
48,94
48,141
48,193
48,305
48,324
48,428
49,16
49,33
49,48
49,50
49,60
49,77
49,78
49,79
49,93
49,94
49,141
49,193
49,305
49,318
49,324
49,405
49,428
49,483
50,10
50,28
50,45
50,89
50,90
50,91
50,163
50,189
50,222
50,310
50,389
50,414
50,426
50,523
51,10
51,28
51,45
51,89
51,90
51,91
51,161
51,163
51,189
51,222
51,310
51,328
51,389
51,400
51,414
51,426
51,523
52,6
52,10
52,44
52,45
52,103
52,154
52,163
52,185
52,252
52,269
52,364
52,372
52,400
52,417
52,445
53,10
53,44
53,45
53,103
53,129
53,154
53,163
53,185
53,252
53,269
53,364
53,372
53,400
53,408
53,415
53,417
53,445
54,10
54,39
54,50
54,55
54,56
54,93
54,103
54,133
54,154
54,244
54,346
54,352
54,401
54,428
54,472
54,487
55,10
55,39
55,50
55,55
55,56
55,93
55,103
55,133
55,154
55,244
55,346
55,352
55,401
55,428
55,453
55,472
55,487
56,2
56,10
56,37
56,43
56,67
56,69
56,103
56,116
56,154
56,207
56,238
56,343
56,370
56,372
56,386
56,515
57,2
57,10
57,37
57,43
57,67
57,69
57,99
57,103
57,116
57,154
57,207
57,238
57,370
57,372
57,374
57,386
57,515
58,36
58,43
58,44
58,46
58,52
58,53
58,97
58,172
58,179
58,200
58,242
58,257
58,270
58,316
58,394
58,424
58,481
58,514
59,44
59,46
59,245
59,316
59,422
59,424
60,3
60,34
60,55
60,56
60,61
60,95
60,145
60,187
60,240
60,341
60,346
60,358
60,426
61,3
61,34
61,55
61,56
61,61
61,95
61,145
61,187
61,240
61,341
61,346
61,358
61,426
62,3
62,61
62,66
62,95
62,170
62,223
62,509
63,100
64,50
64,60
64,93
64,94
64,100
64,105
64,115
64,134
64,248
64,271
64,272
64,357
64,427
64,477
64,502
65,50
65,60
65,93
65,94
65,100
65,105
65,115
65,134
65,248
65,271
65,347
65,357
65,427
65,477
65,502
66,2
66,43
66,66
66,67
66,69
66,116
66,184
66,193
66,223
66,233
66,238
66,279
66,358
66,490
67,2
67,43
67,66
67,67
67,69
67,116
67,184
67,193
67,223
67,233
67,238
67,279
67,358
67,490
68,2
68,43
68,66
68,67
68,69
68,116
68,184
68,193
68,223
68,233
68,238
68,279
68,358
68,469
68,490
69,21
69,22
69,35
69,51
69,74
69,75
69,77
69,78
69,79
69,230
69,282
69,378
69,380
70,21
70,22
70,35
70,51
70,74
70,75
70,77
70,78
70,79
70,230
70,282
70,378
70,380
71,22
71,75
71,79
71,230
71,254
71,255
71,256
71,348
71,437
71,536
72,35
72,40
72,48
72,51
72,56
72,61
72,103
72,112
72,132
72,352
72,378
72,390
72,398
72,482
72,491
72,506
73,35
73,40
73,48
73,51
73,56
73,61
73,103
73,112
73,132
73,352
73,378
73,390
73,398
73,482
73,491
73,506
74,33
74,38
74,88
74,89
74,111
74,120
74,153
74,205
74,222
74,300
74,350
74,397
74,444
74,446
74,479
74,523
75,33
75,38
75,88
75,89
75,111
75,120
75,153
75,205
75,222
75,300
75,350
75,397
75,444
75,446
75,479
75,523
76,33
76,38
76,88
76,89
76,111
76,120
76,153
76,222
76,300
76,350
76,397
76,444
76,446
76,479
76,484
76,523
76,537
77,23
77,33
77,36
77,39
77,45
77,52
77,83
77,97
77,126
77,172
77,340
77,394
77,488
77,517
78,23
78,31
78,36
78,39
78,45
78,52
78,83
78,97
78,98
78,126
78,172
78,224
78,340
78,394
78,398
78,488
78,517
79,29
79,33
79,45
79,50
79,55
79,93
79,94
79,133
79,174
79,240
79,244
79,281
79,303
79,352
79,428
79,505
80,29
80,33
80,45
80,50
80,55
80,93
80,94
80,110
80,133
80,174
80,240
80,244
80,281
80,303
80,352
80,428
80,505
81,33
81,48
81,49
81,84
81,86
81,103
81,192
81,199
81,209
81,319
81,360
81,393
81,429
81,430
81,435
81,443
81,486
82,33
82,48
82,49
82,84
82,86
82,103
82,161
82,192
82,199
82,209
82,319
82,360
82,393
82,429
82,430
82,435
82,443
82,486
83,14
83,28
83,31
83,43
83,64
83,97
83,163
83,206
83,210
83,282
83,314
83,332
83,364
83,398
83,400
83,403
83,413
83,512
84,31
84,37
84,45
84,64
84,65
84,97
84,98
84,99
84,228
84,253
84,283
84,367
84,458
85,31
85,37
85,45
85,64
85,65
85,97
85,98
85,99
85,161
85,228
85,253
85,283
85,365
85,367
86,29
86,36
86,45
86,58
86,62
86,156
86,196
86,219
86,227
86,258
86,291
86,346
86,362
86,392
86,401
86,420
86,453
87,29
87,36
87,45
87,58
87,62
87,156
87,196
87,219
87,227
87,258
87,291
87,324
87,329
87,362
87,392
87,401
87,420
87,453
88,1
88,50
88,103
88,106
88,107
88,124
88,139
88,151
88,188
88,189
88,262
88,374
88,426
88,441
88,482
89,1
89,50
89,103
89,106
89,107
89,124
89,139
89,151
89,188
89,189
89,262
89,374
89,426
89,441
89,482
90,33
90,43
90,48
90,56
90,58
90,62
90,110
90,128
90,182
90,250
90,333
90,334
90,362
90,420
90,504
90,534
91,48
91,62
91,110
91,131
91,182
91,191
91,390
91,556
92,95
92,101
92,109
92,122
92,138
92,171
92,174
92,180
92,194
92,212
92,247
92,371
92,389
92,399
92,506
93,95
93,101
93,109
93,122
93,138
93,171
93,174
93,180
93,194
93,212
93,247
93,325
93,371
93,389
93,399
93,506
94,95
94,101
94,109
94,122
94,138
94,171
94,174
94,180
94,194
94,212
94,247
94,325
94,371
94,389
94,399
94,506
95,20
95,21
95,33
95,38
95,88
95,91
95,99
95,103
95,106
95,157
95,174
95,201
95,225
95,231
95,300
95,317
95,328
95,397
95,444
95,446
95,479
96,1
96,29
96,50
96,60
96,93
96,94
96,95
96,96
96,139
96,207
96,244
96,248
96,417
96,428
96,473
96,485
97,1
97,29
97,50
97,60
97,93
97,94
97,95
97,96
97,139
97,171
97,207
97,244
97,248
97,415
97,417
97,428
97,473
97,485
98,11
98,12
98,21
98,23
98,43
98,61
98,106
98,145
98,152
98,175
98,182
98,232
98,300
98,341
98,362
99,11
99,12
99,21
99,23
99,43
99,61
99,106
99,145
99,152
99,175
99,182
99,232
99,300
99,341
99,362
99,469
100,33
100,49
100,103
100,113
100,120
100,129
100,153
100,205
100,209
100,243
100,268
100,360
100,393
100,451
100,486
101,33
101,49
101,103
101,113
101,120
101,129
101,153
101,205
101,209
101,243
101,268
101,360
101,393
101,451
101,486
102,73
102,76
102,77
102,78
102,79
102,93
102,95
102,115
102,140
102,253
102,326
102,331
102,363
102,388
102,516
103,23
103,93
103,95
103,121
103,140
103,402
103,437
103,452
103,473
104,29
104,37
104,38
104,39
104,43
104,45
104,99
104,116
104,125
104,155
104,198
104,206
104,283
104,374
104,514
105,29
105,37
105,38
105,39
105,43
105,45
105,99
105,116
105,125
105,155
105,198
105,206
105,283
105,374
105,514
106,24
106,25
106,26
106,27
106,96
106,116
106,136
106,170
106,179
106,193
106,203
106,279
106,280
106,299
106,364
106,370
106,469
107,4
107,5
107,7
107,8
107,9
107,68
107,97
107,183
107,197
107,228
107,264
107,279
107,327
107,364
107,370
107,410
107,418
107,501
108,21
108,23
108,35
108,48
108,50
108,103
108,111
108,122
108,205
108,282
108,287
108,378
108,382
108,438
108,498
109,33
109,108
109,114
109,120
109,123
109,124
109,139
109,153
109,188
109,194
109,262
109,360
109,372
109,499
110,33
110,108
110,114
110,120
110,123
110,124
110,139
110,153
110,188
110,194
110,262
110,372
110,458
110,499
111,23
111,30
111,31
111,32
111,36
111,39
111,89
111,184
111,224
111,350
111,444
111,498
111,523
111,529
112,23
112,30
112,31
112,32
112,36
112,39
112,89
112,184
112,224
112,350
112,359
112,444
112,498
112,523
112,529
113,1
113,3
113,36
113,38
113,39
113,45
113,47
113,107
113,111
113,113
113,121
113,135
113,287
113,361
113,374
113,505
113,516
114,20
114,21
114,22
114,71
114,72
114,74
114,77
114,78
114,79
114,132
114,202
114,246
114,275
114,282
114,321
114,363
114,378
114,438
115,4
115,5
115,39
115,43
115,44
115,99
115,146
115,179
115,200
115,203
115,242
115,252
115,389
115,458
115,498
116,43
116,55
116,56
116,61
116,97
116,108
116,116
116,145
116,239
116,349
116,362
116,406
117,43
117,55
117,56
117,61
117,97
117,108
117,116
117,145
117,239
117,349
117,362
117,406
118,30
118,31
118,32
118,39
118,48
118,64
118,97
118,127
118,175
118,224
118,346
118,352
118,392
118,487
119,30
119,31
119,32
119,39
119,48
119,64
119,97
119,127
119,175
119,224
119,346
119,352
119,392
119,398
119,487
120,33
120,55
120,56
120,61
120,105
120,106
120,107
120,113
120,129
120,229
120,293
120,322
120,360
120,362
120,408
120,513
121,55
121,105
121,109
121,129
121,229
122,3
122,60
122,93
122,94
122,96
122,102
122,112
122,113
122,115
122,149
122,164
122,219
122,226
122,227
122,271
122,272
122,278
122,345
122,383
122,384
122,385
122,469
122,501
123,13
123,14
123,17
123,43
123,97
123,98
123,104
123,116
123,163
123,206
123,210
123,228
123,364
123,400
123,403
123,404
123,410
123,458
124,1
124,3
124,8
124,34
124,59
124,122
124,142
124,181
124,195
124,212
124,313
124,358
124,378
124,419
124,531
125,9
125,43
125,67
125,84
125,85
125,86
125,87
125,98
125,103
125,113
125,129
125,351
125,435
125,486
126,7
126,43
126,52
126,53
126,83
126,108
126,109
126,123
126,126
126,185
126,241
126,436
126,481
126,499
127,11
127,12
127,14
127,20
127,37
127,66
127,69
127,106
127,116
127,233
127,276
127,279
127,280
127,404
127,480
128,30
128,33
128,36
128,37
128,39
128,99
128,156
128,184
128,207
128,228
128,371
128,416
128,428
128,526
129,33
129,150
129,175
130,37
130,43
130,44
130,56
130,63
130,82
130,239
130,240
130,349
130,401
130,423
131,34
131,45
131,47
131,54
131,55
131,56
131,58
131,109
131,195
131,219
131,240
131,329
131,352
131,362
131,420
132,144
133,28
133,33
133,36
133,38
133,39
133,44
133,45
133,98
133,204
133,226
133,270
133,343
133,376
133,387
134,28
134,33
134,39
134,55
134,56
134,62
134,98
134,114
134,151
134,270
134,330
134,352
134,387
134,392
135,24
135,28
135,33
135,39
135,42
135,84
135,86
135,87
135,97
135,98
135,270
135,387
135,422
135,435
136,28
136,33
136,39
136,44
136,52
136,83
136,98
136,123
136,126
136,184
136,270
136,387
136,424
136,436
137,33
137,60
137,97
137,105
137,159
137,160
137,161
137,176
137,192
137,199
137,277
137,278
137,324
137,393
137,435
138,43
138,44
138,55
138,56
138,110
138,132
138,182
138,205
138,246
138,321
138,341
138,350
138,362
138,504
139,43
139,44
139,55
139,56
139,110
139,131
139,132
139,182
139,205
139,246
139,321
139,341
139,350
139,362
139,504
140,10
140,28
140,43
140,71
140,72
140,106
140,203
140,246
140,319
140,341
140,378
140,453
141,10
141,28
141,43
141,71
141,72
141,106
141,163
141,203
141,246
141,319
141,341
141,364
141,378
141,400
141,453
142,17
142,36
142,44
142,46
142,48
142,63
142,97
142,157
142,184
142,242
142,246
142,416
142,422
142,423
142,424
142,442
142,507
143,33
143,34
143,111
143,122
143,133
143,156
143,173
143,187
143,205
143,214
143,242
143,281
143,335
143,416
143,484
143,498
144,16
144,54
144,58
144,59
144,97
144,115
144,170
144,181
144,246
144,258
144,329
144,355
144,366
144,420
144,542
145,64
145,65
145,84
145,86
145,87
145,97
145,113
145,192
145,197
145,240
145,246
145,268
145,355
145,365
145,435
146,17
146,52
146,53
146,76
146,83
146,97
146,143
146,203
146,219
146,241
146,246
146,257
146,355
146,403
146,542
147,21
147,35
147,43
147,63
147,82
147,86
147,97
147,200
147,219
147,239
147,349
147,401
147,407
147,525
148,21
148,35
148,43
148,63
148,82
148,86
148,97
148,200
148,219
148,239
148,349
148,401
148,407
148,525
149,7
149,9
149,17
149,21
149,35
149,43
149,63
149,82
149,86
149,97
149,200
149,219
149,239
149,349
149,355
149,401
149,407
149,525
149,542
150,50
150,54
150,93
150,94
150,105
150,112
150,129
150,133
150,219
150,244
150,248
150,357
150,382
150,384
150,385
150,396
150,427
150,540
151,1
151,5
151,94
151,112
151,118
151,133
151,144
151,226
151,246
151,382
151,396
151,417
151,513
152,33
152,34
152,45
152,75
152,76
152,77
152,113
152,115
152,219
152,230
152,235
152,312
152,345
152,363
153,33
153,34
153,45
153,75
153,76
153,77
153,113
153,115
153,219
153,230
153,235
153,312
153,345
153,363
154,33
154,34
154,45
154,75
154,76
154,77
154,80
154,113
154,115
154,219
154,230
154,235
154,312
154,345
154,363
155,33
155,38
155,43
155,52
155,53
155,98
155,108
155,111
155,129
155,172
155,205
155,284
155,436
155,488
155,517
156,33
156,38
156,43
156,52
156,53
156,98
156,108
156,111
156,129
156,172
156,205
156,284
156,436
156,488
156,517
157,33
157,38
157,43
157,52
157,53
157,98
157,108
157,111
157,129
157,172
157,205
157,284
157,360
157,436
157,488
157,517
158,10
158,37
158,43
158,44
158,55
158,56
158,99
158,103
158,163
158,175
158,184
158,242
158,276
158,401
158,423
158,498
159,10
159,37
159,43
159,44
159,55
159,56
159,99
159,103
159,163
159,175
159,184
159,242
159,276
159,401
159,423
159,498
160,10
160,37
160,43
160,44
160,55
160,56
160,97
160,99
160,103
160,163
160,175
160,184
160,242
160,276
160,401
160,423
160,498
161,10
161,21
161,98
161,111
161,133
161,154
161,156
161,193
161,226
161,266
161,270
161,304
161,382
161,389
162,10
162,21
162,98
162,111
162,133
162,154
162,156
162,193
162,226
162,266
162,270
162,304
162,382
162,389
163,33
163,36
163,45
163,64
163,93
163,95
163,115
163,138
163,193
163,253
163,326
163,355
163,375
163,403
163,428
163,485
163,497
164,33
164,36
164,45
164,64
164,93
164,95
164,115
164,138
164,143
164,193
164,253
164,326
164,355
164,375
164,403
164,428
164,485
164,497
165,4
165,33
165,38
165,48
165,97
165,113
165,115
165,129
165,183
165,219
165,226
165,318
165,405
166,4
166,33
166,38
166,48
166,97
166,113
166,115
166,129
166,183
166,219
166,226
166,318
166,405
167,40
167,42
167,81
167,94
167,97
167,101
167,132
167,141
167,154
167,169
167,184
167,389
167,398
167,425
167,440
168,40
168,42
168,81
168,94
168,97
168,101
168,132
168,141
168,154
168,169
168,184
168,389
168,398
168,425
168,440
168,450
169,17
169,44
169,48
169,103
169,109
169,114
169,129
169,141
169,212
169,305
169,310
169,314
169,403
169,440
169,512
170,36
170,48
170,55
170,56
170,61
170,86
170,109
170,145
170,175
170,209
170,268
170,324
170,392
170,435
170,486
171,36
171,48
171,55
171,56
171,61
171,86
171,109
171,145
171,175
171,209
171,254
171,255
171,256
171,268
171,324
171,392
171,435
171,486
172,39
172,84
172,86
172,186
172,204
172,417
173,1
173,47
173,186
173,204
173,227
173,345
173,383
174,1
174,47
174,111
174,186
174,204
174,383
175,38
175,45
175,118
175,186
175,204
175,219
175,226
175,227
175,246
175,266
175,273
175,281
175,387
175,495
175,516
176,38
176,45
176,118
176,186
176,204
176,219
176,226
176,227
176,246
176,266
176,273
176,281
176,345
176,387
176,495
176,516
177,43
177,64
177,94
177,100
177,101
177,109
177,248
177,273
177,357
177,375
177,381
177,382
177,384
177,385
177,466
177,500
178,43
178,64
178,94
178,100
178,101
178,109
178,248
178,273
178,357
178,366
178,375
178,381
178,382
178,384
178,385
178,466
178,500
179,33
179,36
179,45
179,84
179,86
179,87
179,109
179,113
179,178
179,268
179,324
179,408
179,435
179,486
179,538
180,33
180,36
180,45
180,84
180,86
180,87
180,109
180,113
180,178
180,268
180,324
180,408
180,435
180,486
180,538
181,7
181,9
181,33
181,36
181,45
181,84
181,86
181,87
181,109
181,113
181,178
181,268
181,324
181,408
181,435
181,486
181,538
182,72
182,78
182,230
182,241
182,345
182,348
182,437
183,33
183,38
183,39
183,55
183,56
183,61
183,111
183,145
183,205
183,240
183,270
183,276
183,346
183,392
183,401
184,33
184,38
184,39
184,55
184,56
184,61
184,111
184,145
184,205
184,240
184,270
184,276
184,346
184,392
184,401
185,21
185,38
185,67
185,68
185,88
185,102
185,157
185,175
185,185
185,317
185,335
185,359
185,383
185,389
185,444
185,452
186,3
186,61
186,95
186,195
186,207
186,304
186,340
187,33
187,39
187,72
187,73
187,77
187,78
187,79
187,150
187,178
187,202
187,235
187,262
187,331
187,340
187,369
187,388
187,476
187,512
188,33
188,39
188,72
188,73
188,77
188,78
188,79
188,150
188,178
188,202
188,235
188,262
188,331
188,340
188,369
188,388
188,476
188,512
189,33
189,39
189,72
189,73
189,77
189,78
189,79
189,150
189,178
189,202
189,235
189,262
189,331
189,340
189,369
189,388
189,476
189,512
190,10
190,28
190,39
190,97
190,103
190,129
190,154
190,226
190,310
190,321
190,374
190,387
190,417
190,458
191,38
191,71
191,72
191,73
191,74
191,75
191,76
191,202
191,235
191,241
191,275
191,283
191,320
191,363
191,388
191,402
192,1
192,38
192,71
192,72
192,73
192,74
192,75
192,76
192,80
192,202
192,241
192,275
192,320
192,331
192,363
192,388
192,437
193,17
193,33
193,48
193,49
193,95
193,98
193,103
193,104
193,193
193,197
193,228
193,246
193,253
193,369
193,403
193,405
194,21
194,39
194,54
194,55
194,89
194,114
194,133
194,240
194,281
194,300
194,330
194,341
194,426
195,21
195,39
195,54
195,55
195,89
195,114
195,133
195,240
195,281
195,300
195,330
195,341
195,426
196,28
196,33
196,39
196,60
196,93
196,94
196,98
196,129
196,234
196,244
196,248
196,270
196,384
196,387
197,28
197,33
197,39
197,98
197,103
197,109
197,185
197,212
197,228
197,236
197,270
197,372
197,385
197,387
198,17
198,64
198,101
198,114
198,185
198,212
198,228
198,259
198,269
198,310
198,366
198,372
198,389
198,492
198,511
199,29
199,33
199,45
199,50
199,55
199,93
199,94
199,174
199,207
199,237
199,244
199,281
199,352
199,376
199,408
199,417
199,428
199,505
200,45
200,60
200,109
200,149
200,180
200,195
200,212
200,220
200,247
200,288
200,310
200,371
200,408
200,506
201,237
202,68
202,194
202,219
202,243
203,23
203,33
203,45
203,60
203,93
203,94
203,97
203,226
203,242
203,310
203,316
203,372
203,384
203,385
203,428
203,458
204,33
204,36
204,38
204,117
204,120
204,153
204,182
204,191
204,229
204,334
204,360
204,363
204,371
204,450
205,33
205,36
205,38
205,117
205,120
205,153
205,182
205,191
205,192
205,229
205,334
205,360
205,363
205,371
205,390
205,393
205,429
205,450
205,475
205,484
206,36
206,38
206,91
206,99
206,103
206,111
206,137
206,175
206,180
206,203
206,205
206,228
206,246
206,281
206,283
206,355
206,489
206,529
207,12
207,14
207,28
207,40
207,98
207,103
207,106
207,163
207,185
207,210
207,282
207,327
207,369
207,404
207,512
208,20
208,21
208,33
208,38
208,88
208,91
208,99
208,103
208,106
208,157
208,174
208,201
208,225
208,231
208,242
208,300
208,317
208,422
208,423
208,424
208,444
208,446
208,475
208,479
209,29
209,33
209,36
209,39
209,44
209,46
209,99
209,122
209,184
209,204
209,242
209,371
209,422
209,423
209,424
210,29
210,33
210,36
210,39
210,44
210,46
210,99
210,122
210,184
210,200
210,204
210,242
210,371
210,422
210,423
210,424
211,33
211,36
211,40
211,42
211,55
211,56
211,106
211,107
211,191
211,194
211,205
211,254
211,255
211,279
211,362
211,390
211,398
211,401
212,13
212,14
212,43
212,97
212,98
212,116
212,163
212,206
212,210
212,228
212,232
212,334
212,364
212,400
212,404
212,418
212,442
212,458
213,35
213,88
213,110
213,117
213,132
213,156
213,157
213,205
213,219
213,227
213,379
213,380
213,444
213,450
213,470
213,471
213,504
213,522
214,30
214,31
214,33
214,36
214,43
214,68
214,179
214,203
214,224
214,280
214,332
214,364
214,370
214,400
214,498
215,10
215,43
215,97
215,98
215,103
215,154
215,163
215,185
215,196
215,232
215,251
215,269
215,289
215,386
215,420
215,468
216,10
216,37
216,43
216,122
216,154
216,156
216,163
216,173
216,185
216,204
216,230
216,313
216,343
216,374
217,10
217,37
217,43
217,122
217,154
217,156
217,163
217,173
217,184
217,185
217,230
217,313
217,343
217,359
218,34
218,52
218,53
218,88
218,105
218,106
218,123
218,133
218,157
218,246
218,281
218,414
218,436
218,481
219,34
219,52
219,53
219,88
219,105
219,106
219,123
219,133
219,157
219,246
219,281
219,414
219,436
219,481
219,504
220,33
220,36
220,54
220,59
220,89
220,133
220,175
220,181
220,189
220,196
220,203
220,300
220,316
220,420
220,426
221,31
221,36
221,37
221,54
221,59
221,64
221,89
221,133
221,181
221,189
221,196
221,203
221,246
221,300
221,316
221,423
221,426
222,33
222,61
222,105
222,106
222,131
222,145
222,175
222,203
222,243
222,246
222,287
222,334
222,350
222,381
222,392
222,408
222,414
223,55
223,56
223,58
223,60
223,61
223,62
223,63
223,116
223,199
223,324
223,331
223,352
223,487
224,55
224,56
224,58
224,60
224,61
224,62
224,63
224,116
224,132
224,190
224,324
224,331
224,350
224,378
224,441
224,487
225,217
226,17
226,29
226,33
226,36
226,48
226,56
226,60
226,61
226,97
226,109
226,145
226,324
226,331
226,340
226,352
226,392
226,403
226,469
227,28
227,31
227,43
227,64
227,97
227,129
227,163
227,191
227,211
227,314
227,319
227,364
227,400
227,403
227,475
228,43
228,44
228,46
228,52
228,53
228,123
228,185
228,242
228,251
228,316
228,336
228,373
228,417
228,424
228,492
228,517
229,43
229,44
229,46
229,52
229,53
229,123
229,185
229,242
229,251
229,316
229,336
229,373
229,417
229,422
229,424
229,492
229,517
230,43
230,55
230,56
230,61
230,97
230,108
230,116
230,145
230,239
230,281
230,349
230,362
230,406
231,21
231,33
231,36
231,38
231,45
231,111
231,175
231,203
231,204
231,205
231,316
231,363
231,387
232,21
232,30
232,31
232,45
232,89
232,111
232,184
232,205
232,222
232,229
232,282
232,372
232,416
232,422
232,424
232,523
233,33
233,60
233,63
233,97
233,105
233,111
233,160
233,161
233,176
233,192
233,199
233,277
233,278
233,324
233,393
233,435
234,23
234,26
234,28
234,33
234,36
234,43
234,95
234,109
234,272
234,286
234,310
234,347
234,382
234,428
234,445
235,166
236,33
236,193
236,252
236,270
237,27
237,68
237,97
237,98
237,116
237,167
237,197
237,228
237,229
237,279
237,283
237,360
237,364
237,370
237,469
237,501
238,1
238,47
238,59
238,93
238,94
238,122
238,181
238,186
238,195
238,212
238,313
238,381
238,383
238,419
238,531
239,9
239,43
239,67
239,84
239,85
239,86
239,87
239,98
239,103
239,113
239,129
239,351
239,435
239,486
240,7
240,43
240,52
240,53
240,83
240,108
240,109
240,123
240,126
240,185
240,241
240,436
240,481
240,499
241,23
241,33
241,34
241,45
241,111
241,117
241,205
241,208
241,215
241,358
241,360
241,428
241,445
242,1
242,3
242,36
242,38
242,39
242,45
242,47
242,107
242,111
242,113
242,121
242,135
242,287
242,361
242,374
242,505
242,516
243,43
243,44
243,46
243,84
243,87
243,98
243,115
243,209
243,240
243,242
243,326
243,347
243,422
243,435
244,23
244,43
244,44
244,46
244,52
244,53
244,83
244,126
244,207
244,284
244,326
244,347
244,424
244,436
245,16
245,43
245,44
245,54
245,56
245,59
245,61
245,62
245,240
245,243
245,326
245,347
245,366
245,423
246,37
246,43
246,44
246,63
246,89
246,103
246,157
246,184
246,201
246,242
246,371
246,399
246,444
246,498
247,37
247,43
247,44
247,63
247,89
247,103
247,157
247,184
247,201
247,242
247,371
247,399
247,444
247,498
248,37
248,43
248,44
248,63
248,89
248,103
248,157
248,184
248,201
248,242
248,371
248,399
248,416
248,422
248,423
248,424
248,444
248,498
249,16
249,18
249,56
249,105
249,143
249,177
249,219
249,240
249,246
249,248
249,311
249,326
249,347
249,363
249,386
249,407
250,16
250,18
250,105
250,126
250,143
250,219
250,221
250,241
250,246
250,248
250,311
250,326
250,347
250,363
250,386
250,413
251,73
251,93
251,105
251,195
251,215
251,219
251,226
251,246
251,248
251,345
251,361
251,363
251,377
251,437
252,1
252,21
252,43
252,71
252,72
252,97
252,98
252,103
252,197
252,202
252,228
252,412
253,1
253,21
253,43
253,71
253,97
253,98
253,103
253,197
253,206
253,210
253,228
253,348
253,437
254,1
254,21
254,43
254,71
254,97
254,98
254,103
254,197
254,206
254,228
254,348
254,400
254,404
254,437
255,10
255,28
255,45
255,52
255,53
255,64
255,83
255,98
255,116
255,119
255,163
256,10
256,24
256,28
256,45
256,52
256,64
256,98
256,116
256,119
256,163
256,327
256,339
256,394
257,7
257,10
257,24
257,28
257,45
257,52
257,64
257,98
257,116
257,136
257,163
257,299
257,327
257,339
257,394
257,413
258,33
258,36
258,45
258,55
258,56
258,117
258,182
258,189
258,193
258,250
258,283
258,300
259,33
259,36
259,45
259,55
259,89
259,117
259,182
259,189
259,193
259,283
259,330
259,341
259,426
260,33
260,36
260,45
260,55
260,89
260,117
260,182
260,189
260,193
260,283
260,330
260,341
260,359
260,426
261,28
261,33
261,36
261,44
261,46
261,184
261,207
261,242
261,269
261,316
261,336
261,372
261,373
261,389
262,28
262,33
262,36
262,44
262,46
262,168
262,184
262,207
262,269
262,316
262,336
262,372
262,373
262,389
263,28
263,29
263,33
263,39
263,42
263,45
263,156
263,175
263,187
263,300
263,316
263,343
263,374
263,516
264,28
264,29
264,33
264,39
264,45
264,154
264,156
264,163
264,187
264,300
264,316
264,343
264,374
264,415
264,516
265,33
265,40
265,81
265,450
266,106
267,16
267,18
267,71
267,72
267,78
267,202
267,213
267,234
267,318
267,405
267,483
268,106
269,16
269,18
269,60
269,92
269,93
269,113
269,182
269,236
269,318
269,405
269,483
270,45
270,54
270,61
270,71
270,72
270,240
270,267
270,310
270,363
270,412
270,428
271,45
271,56
271,61
271,71
271,154
271,252
271,253
271,267
271,310
271,346
271,428
272,45
272,72
272,267
272,310
273,74
273,106
273,117
273,153
273,235
273,241
273,267
274,1
274,13
274,74
274,75
274,106
274,185
274,207
274,252
274,259
274,267
274,326
275,18
275,75
275,185
275,417
275,437
275,536
276,17
276,45
276,64
276,97
276,98
276,104
276,116
276,283
276,332
276,403
277,17
277,45
277,64
277,97
277,98
277,104
277,116
277,283
277,332
277,365
277,403
278,17
278,45
278,48
278,54
278,55
278,97
278,98
278,228
278,314
278,332
278,352
278,355
278,403
278,542
279,17
279,45
279,48
279,54
279,55
279,56
279,182
279,254
279,255
279,256
279,346
279,352
279,355
279,362
279,366
279,371
279,374
279,487
279,542
280,45
280,93
280,94
280,95
280,100
280,104
280,138
280,204
280,248
280,286
280,345
280,347
280,381
280,500
280,505
281,45
281,93
281,94
281,95
281,100
281,104
281,138
281,204
281,248
281,286
281,345
281,347
281,381
281,500
281,505
282,45
282,93
282,94
282,95
282,100
282,104
282,138
282,248
282,273
282,286
282,345
282,347
282,361
282,445
282,500
282,505
283,54
283,61
283,97
283,98
283,114
283,145
283,226
283,230
283,346
284,16
284,18
284,78
284,98
284,145
284,184
284,230
284,318
284,346
284,403
284,405
284,466
284,483
285,29
285,33
285,71
285,72
285,73
285,74
285,77
285,78
285,147
285,202
285,388
285,402
286,29
286,33
286,68
286,71
286,72
286,73
286,78
286,170
286,183
286,223
286,327
286,395
286,402
287,10
287,68
287,133
287,175
287,185
287,227
287,281
287,303
287,343
287,498
288,10
288,68
288,116
288,154
288,163
288,179
288,203
288,227
288,253
288,264
288,498
289,10
289,68
289,133
289,175
289,185
289,207
289,227
289,281
289,303
289,343
289,359
289,374
289,386
289,498
290,10
290,28
290,91
290,106
290,141
290,154
290,170
290,189
290,206
290,232
291,10
291,14
291,28
291,97
291,103
291,104
291,106
291,141
291,154
291,163
291,170
291,210
291,226
291,404
291,450
292,10
292,28
292,106
292,109
292,141
292,154
292,170
292,180
292,247
292,288
292,377
292,425
293,1
293,23
293,46
293,48
293,103
293,156
293,214
293,253
293,304
293,310
293,336
293,485
294,1
294,23
294,44
294,46
294,48
294,103
294,156
294,214
294,253
294,304
294,310
294,336
294,485
295,1
295,23
295,44
295,46
295,48
295,63
295,103
295,156
295,214
295,242
295,253
295,304
295,310
295,336
295,422
295,423
295,424
295,485
296,18
296,28
296,33
296,69
296,116
296,179
296,187
296,203
296,233
296,252
296,265
296,282
296,292
296,358
296,370
296,395
296,484
297,18
297,28
297,33
297,69
297,116
297,179
297,187
297,203
297,233
297,252
297,265
297,282
297,292
297,358
297,362
297,370
297,395
297,484
298,21
298,39
298,55
298,61
298,145
298,150
298,204
298,270
298,340
298,346
299,33
299,86
299,88
299,106
299,156
299,157
299,192
299,199
299,201
299,209
299,335
299,350
299,408
299,414
299,435
299,444
300,3
300,33
300,38
300,39
300,45
300,47
300,185
300,193
300,204
300,213
300,215
300,252
300,274
300,343
300,358
300,383
300,445
301,3
301,47
301,213
301,252
302,10
302,43
302,101
302,109
302,154
302,185
302,193
302,197
302,212
302,247
302,252
302,282
302,310
302,386
302,408
302,421
302,425
302,428
302,492
303,11
303,44
303,185
303,226
303,230
303,242
303,254
303,255
303,256
303,310
303,313
303,334
303,389
303,442
304,29
304,33
304,36
304,38
304,46
304,106
304,182
304,189
304,231
304,232
304,319
304,334
304,368
304,442
304,475
304,484
305,29
305,33
305,36
305,38
305,46
305,106
305,182
305,189
305,231
305,232
305,319
305,334
305,368
305,442
305,475
305,484
306,29
306,33
306,36
306,38
306,46
306,106
306,182
306,189
306,231
306,232
306,319
306,334
306,368
306,442
306,475
306,484
307,93
307,96
307,105
307,117
307,136
307,170
307,179
307,197
307,237
307,244
307,347
307,364
307,367
307,379
307,395
308,7
308,8
308,9
308,93
308,96
308,105
308,117
308,136
308,170
308,179
308,197
308,237
308,244
308,347
308,364
308,367
308,379
308,395
309,33
309,43
309,44
309,46
309,86
309,87
309,98
309,209
309,268
309,316
309,336
309,422
309,435
309,528
310,33
310,43
310,44
310,46
310,86
310,87
310,98
310,209
310,268
310,316
310,336
310,422
310,424
310,435
310,528
311,45
311,86
311,87
311,97
311,98
311,129
311,209
311,226
311,227
311,268
311,270
311,313
311,383
311,387
311,417
311,486
311,494
312,45
312,86
312,87
312,97
312,98
312,129
312,204
312,209
312,226
312,227
312,268
312,270
312,313
312,376
312,383
312,417
312,486
312,494
313,33
313,38
313,98
313,104
313,109
313,148
313,182
313,236
313,270
313,294
313,324
313,405
313,428
314,33
314,98
314,204
314,227
314,230
314,236
314,260
314,270
314,273
314,343
314,405
314,428
315,40
315,71
315,72
315,73
315,74
315,78
315,80
315,92
315,202
315,230
315,235
315,275
315,312
315,320
315,345
315,390
316,1
316,92
316,124
316,133
316,139
316,188
316,227
316,254
316,255
316,256
316,281
316,378
316,380
316,441
316,491
317,1
317,34
317,92
317,124
317,133
317,139
317,188
317,227
317,254
317,255
317,256
317,281
317,378
317,380
317,441
317,491
318,36
318,43
318,44
318,97
318,99
318,103
318,116
318,184
318,207
318,242
318,372
318,423
318,453
319,43
319,44
319,97
319,99
319,103
319,116
319,130
319,163
319,184
319,207
319,242
319,269
319,364
319,372
319,400
319,423
319,453
320,45
320,54
320,55
320,56
320,133
320,150
320,156
320,205
320,250
320,291
320,310
320,323
320,340
320,352
320,362
320,484
321,45
321,54
321,55
321,56
321,133
321,150
321,156
321,205
321,250
321,291
321,310
321,323
321,340
321,352
321,362
321,484
322,33
322,36
322,38
322,45
322,52
322,53
322,89
322,116
322,133
322,174
322,222
322,281
322,414
322,436
322,481
323,33
323,36
323,45
323,52
323,89
323,90
323,116
323,133
323,157
323,174
323,222
323,281
323,284
323,414
323,436
323,481
324,34
324,52
324,53
324,83
324,108
324,110
324,123
324,133
324,174
324,175
324,182
324,229
324,257
324,334
324,436
324,504
324,517
325,60
325,94
325,109
325,149
325,150
325,156
325,173
325,244
325,277
325,316
325,340
325,371
325,408
325,428
325,473
326,60
326,94
326,109
326,149
326,150
326,156
326,173
326,244
326,277
326,316
326,340
326,371
326,408
326,428
326,473
327,33
327,37
327,38
327,60
327,95
327,146
327,175
327,185
327,244
327,253
327,298
327,383
327,389
328,28
328,44
328,63
328,89
328,90
328,91
328,117
328,157
328,185
328,189
328,201
328,242
328,276
328,328
328,364
328,414
328,523
329,28
329,48
329,49
329,63
329,103
329,117
329,157
329,185
329,189
329,201
329,225
329,328
329,414
329,523
330,28
330,48
330,49
330,63
330,103
330,117
330,157
330,185
330,189
330,201
330,225
330,328
330,337
330,414
330,523
330,525
331,28
331,40
331,42
331,43
331,71
331,73
331,74
331,178
331,185
331,191
331,194
331,201
331,275
331,302
331,371
331,389
332,28
332,40
332,42
332,43
332,71
332,73
332,74
332,178
332,185
332,191
332,194
332,201
332,275
332,279
332,302
332,371
332,389
333,31
333,36
333,45
333,47
333,54
333,64
333,119
333,195
333,219
333,287
333,310
333,363
333,406
333,496
333,538
334,31
334,36
334,45
334,47
334,54
334,64
334,143
334,195
334,219
334,225
334,287
334,310
334,349
334,363
334,365
334,406
334,496
334,538
335,10
335,14
335,43
335,98
335,163
335,197
335,206
335,210
335,228
335,269
335,279
335,306
335,370
335,373
335,404
336,35
336,44
336,103
336,114
336,122
336,137
336,207
336,242
336,305
336,342
336,378
336,380
336,398
336,400
336,474
336,489
337,33
337,88
337,93
337,94
337,95
337,106
337,149
337,153
337,157
337,248
337,322
337,373
337,377
337,397
337,444
337,478
338,33
338,76
338,83
338,88
338,93
338,94
338,106
338,149
338,153
338,157
338,322
338,373
338,377
338,397
338,444
338,472
339,55
339,89
339,90
339,133
339,156
339,173
339,189
339,222
339,248
339,300
339,346
339,352
339,401
339,426
340,55
340,89
340,90
340,133
340,156
340,173
340,189
340,222
340,248
340,300
340,321
340,346
340,352
340,401
340,426
340,428
341,11
341,12
341,14
341,43
341,61
341,106
341,145
341,152
341,182
341,242
341,269
341,282
341,400
342,11
342,12
342,14
342,43
342,61
342,106
342,129
342,145
342,152
342,182
342,242
342,269
342,282
342,400
343,60
343,93
343,106
343,120
343,153
343,189
343,201
343,229
343,246
343,317
343,322
343,326
343,377
343,379
343,414
343,470
343,471
344,60
344,63
344,93
344,100
344,106
344,120
344,153
344,189
344,201
344,229
344,246
344,317
344,322
344,326
344,377
344,379
344,414
344,470
344,471
345,51
345,109
345,132
345,133
345,246
345,254
345,255
345,256
345,275
345,310
345,378
345,380
345,412
346,51
346,109
346,132
346,133
346,246
346,254
346,255
346,256
346,275
346,310
346,378
346,380
346,412
347,10
347,55
347,106
347,163
347,182
347,210
347,232
347,246
347,300
347,306
347,350
347,404
348,10
348,55
348,106
348,163
348,182
348,210
348,232
348,246
348,300
348,306
348,350
348,404
349,33
349,150
349,175
350,35
350,55
350,56
350,105
350,213
350,219
350,239
350,240
350,287
350,346
350,352
350,392
350,401
350,445
351,29
351,33
351,52
351,55
351,56
351,59
351,126
351,181
351,240
351,241
351,258
351,311
352,10
352,20
352,39
352,60
352,103
352,122
352,154
352,163
352,164
352,168
352,185
352,246
352,310
352,364
352,389
352,421
352,425
352,485
353,101
353,103
353,174
353,180
353,185
353,247
353,261
353,271
353,282
353,288
353,289
353,373
353,389
353,425
353,506
354,101
354,103
354,174
354,180
354,185
354,247
354,261
354,271
354,282
354,288
354,289
354,373
354,389
354,425
354,506
355,43
355,50
355,101
355,109
355,174
355,193
355,212
355,228
355,248
355,261
355,310
355,371
355,425
355,506
356,7
356,8
356,9
356,20
356,43
356,50
356,101
356,109
356,174
356,193
356,212
356,228
356,248
356,261
356,310
356,325
356,356
356,371
356,425
356,506
357,16
357,18
357,23
357,34
357,43
357,74
357,75
357,76
357,230
357,235
357,345
357,363
357,403
357,437
357,516
357,536
358,35
358,36
358,38
358,45
358,93
358,149
358,215
358,219
358,253
358,281
358,310
358,326
358,361
358,485
358,505
359,10
359,13
359,14
359,43
359,44
359,98
359,104
359,163
359,195
359,197
359,228
359,248
359,269
359,364
359,382
359,389
359,400
359,427
360,68
360,150
360,194
360,204
360,219
360,227
360,243
361,29
361,43
361,44
361,59
361,104
361,181
361,182
361,196
361,242
361,258
361,420
361,423
362,29
362,43
362,44
362,58
362,59
362,104
362,181
362,182
362,196
362,242
362,258
362,329
362,423
363,34
363,45
363,55
363,59
363,62
363,111
363,156
363,173
363,181
363,227
363,258
363,301
363,329
364,34
364,45
364,55
364,59
364,62
364,156
364,173
364,181
364,207
364,227
364,258
364,301
364,329
365,34
365,45
365,55
365,59
365,62
365,156
365,173
365,181
365,207
365,227
365,242
365,258
365,301
365,329
365,423
366,55
366,128
366,250
366,334
366,504
367,44
367,56
367,103
367,184
367,226
367,242
367,250
367,291
367,352
367,362
367,401
367,423
368,56
368,93
368,94
368,97
368,133
368,226
368,250
368,291
368,352
368,392
368,401
368,445
369,33
369,36
369,38
369,55
369,56
369,106
369,156
369,246
369,281
369,291
369,300
369,317
369,457
370,33
370,36
370,55
370,56
370,97
370,175
370,186
370,204
370,213
370,219
370,352
370,381
370,392
370,445
371,29
371,38
371,43
371,44
371,52
371,99
371,116
371,184
371,225
371,242
371,337
371,428
372,29
372,38
372,43
372,44
372,52
372,99
372,116
372,182
372,184
372,225
372,242
372,337
372,428
373,19
373,29
373,38
373,43
373,44
373,52
373,99
373,116
373,182
373,184
373,225
373,242
373,337
373,422
373,424
373,428
373,525
374,36
375,36
375,63
375,93
375,94
375,97
375,184
375,228
375,232
375,309
375,334
375,357
375,393
375,418
375,428
376,36
376,63
376,93
376,94
376,97
376,184
376,228
376,232
376,309
376,334
376,357
376,359
376,393
376,418
376,428
377,23
377,63
377,88
377,153
377,174
377,192
377,199
377,246
377,276
377,334
377,359
377,444
377,451
378,23
378,58
378,63
378,133
378,153
378,174
378,192
378,196
378,199
378,246
378,276
378,359
378,451
379,23
379,63
379,133
379,153
379,174
379,192
379,199
379,232
379,246
379,276
379,334
379,359
379,430
379,442
379,451
380,94
380,105
380,149
380,204
380,219
380,225
380,270
380,273
380,287
380,296
380,346
380,361
380,375
380,406
380,428
380,470
380,505
380,513
381,94
381,105
381,149
381,182
381,219
381,225
381,262
381,270
381,287
381,295
381,349
381,375
381,377
381,406
381,428
381,471
381,477
381,505
382,34
382,38
382,56
382,58
382,184
382,246
382,323
382,329
382,330
382,347
382,352
382,392
382,401
383,76
383,89
383,90
383,126
383,156
383,184
383,246
383,284
383,339
383,341
383,359
383,414
383,436
384,19
384,63
384,156
384,184
384,200
384,239
384,242
384,245
384,246
384,304
384,349
384,403
384,406
385,38
385,93
385,94
385,129
385,156
385,248
385,270
385,273
385,287
385,322
385,353
385,356
385,361
385,387
385,428
386,35
386,43
386,63
386,94
386,100
386,101
386,105
386,228
386,282
386,289
386,322
386,354
386,375
386,428
387,33
387,44
387,71
387,72
387,73
387,75
387,110
387,174
387,202
387,235
387,242
387,437
388,33
388,44
388,71
388,72
388,73
388,75
388,110
388,174
388,202
388,235
388,242
388,437
389,33
389,44
389,71
389,72
389,73
389,75
389,89
389,110
389,174
389,202
389,235
389,242
389,437
389,452
390,10
390,43
390,52
390,53
390,83
390,154
390,172
390,259
390,263
390,269
390,303
390,417
390,512
391,10
391,43
391,52
391,83
391,154
391,172
391,183
391,259
391,269
391,303
391,364
391,370
391,394
391,512
392,10
392,43
392,52
392,83
392,154
392,172
392,183
392,269
392,347
392,364
392,370
392,386
392,394
392,512
393,1
393,31
393,45
393,54
393,56
393,61
393,64
393,65
393,117
393,145
393,250
393,346
393,362
394,31
394,33
394,45
394,54
394,56
394,61
394,64
394,65
394,117
394,145
394,232
394,250
394,346
394,362
395,14
395,31
395,33
395,45
395,54
395,56
395,61
395,64
395,65
395,145
395,207
395,232
395,250
395,362
395,453
396,17
396,18
396,33
396,36
396,45
396,97
396,98
396,104
396,283
396,332
396,413
396,515
397,17
397,18
397,33
397,36
397,45
397,97
397,98
397,104
397,283
397,332
397,413
397,515
398,17
398,18
398,33
398,36
398,45
398,97
398,98
398,104
398,283
398,332
398,370
398,413
398,515
399,29
399,33
399,36
399,45
399,111
399,133
399,158
399,162
399,174
399,205
399,276
399,281
400,29
400,33
400,36
400,45
400,55
400,111
400,133
400,158
400,162
400,174
400,205
400,276
400,281
401,45
401,117
401,450
401,522
402,45
402,47
402,103
402,116
402,117
402,141
402,163
402,195
402,210
402,269
402,400
402,404
402,405
403,33
403,43
403,44
403,46
403,184
403,207
403,209
403,242
403,268
403,422
403,435
403,528
404,33
404,43
404,44
404,46
404,184
404,207
404,209
404,242
404,268
404,422
404,435
404,528
405,33
405,43
405,44
405,46
405,184
405,207
405,209
405,242
405,268
405,422
405,435
405,528
406,71
406,72
406,74
406,78
406,346
406,388
407,40
407,72
407,230
407,311
407,345
408,29
408,36
408,43
408,103
408,116
408,184
408,228
408,246
408,372
408,428
408,457
408,498
409,29
409,36
409,43
409,103
409,116
409,184
409,228
409,246
409,283
409,372
409,428
409,457
409,498
410,33
410,36
410,182
410,203
410,207
410,246
410,269
410,319
410,334
410,368
410,442
410,484
411,33
411,36
411,182
411,203
411,207
411,246
411,269
411,319
411,334
411,335
411,368
411,442
411,484
412,33
412,182
412,237
412,450
413,33
413,60
413,74
413,75
413,93
413,94
413,175
413,182
413,213
413,237
413,437
413,445
413,450
414,16
414,33
414,60
414,77
414,93
414,94
414,182
414,237
414,293
414,318
414,403
414,405
414,450
414,483
415,16
415,230
415,405
415,450
416,16
416,40
416,92
416,109
416,154
416,163
416,194
416,207
416,210
416,228
416,230
416,403
416,408
416,445
416,454
416,455
416,456
417,45
417,86
417,98
417,117
417,129
417,158
417,162
417,186
417,203
417,204
417,209
417,387
417,435
417,486
418,13
418,45
418,49
418,55
418,56
418,97
418,98
418,129
418,228
418,250
418,346
418,401
418,453
418,458
419,13
419,45
419,49
419,55
419,56
419,97
419,98
419,129
419,228
419,242
419,250
419,346
419,401
419,423
419,453
419,458
420,33
420,36
420,73
420,74
420,76
420,234
420,241
420,270
420,345
420,381
420,388
421,33
421,36
421,73
421,74
421,76
421,80
421,234
421,241
421,270
421,345
421,381
421,388
422,34
422,105
422,106
422,189
422,237
422,240
422,300
422,330
422,352
422,426
423,34
423,105
423,106
423,189
423,237
423,240
423,300
423,330
423,352
423,426
424,10
424,28
424,39
424,97
424,103
424,129
424,154
424,226
424,310
424,321
424,374
424,387
424,417
424,458
425,16
425,107
425,116
425,132
425,133
425,153
425,226
425,247
425,254
425,255
425,256
425,310
425,371
425,466
425,506
426,16
426,107
426,116
426,132
426,133
426,153
426,226
426,247
426,254
426,255
426,256
426,310
426,371
426,466
426,506
427,1
427,26
427,97
427,98
427,111
427,146
427,150
427,193
427,203
427,204
427,218
427,226
427,340
427,361
427,494
427,495
428,1
428,26
428,97
428,98
428,111
428,146
428,150
428,193
428,203
428,204
428,216
428,226
428,243
428,277
428,340
428,361
428,494
428,495
429,45
429,149
429,180
429,310
429,345
429,381
430,17
430,114
430,207
430,228
430,310
430,399
430,400
430,417
430,492
430,511
431,10
431,45
431,95
431,154
431,163
431,185
431,204
431,213
431,252
431,274
431,389
431,445
431,468
432,10
432,34
432,45
432,95
432,154
432,163
432,185
432,204
432,207
432,213
432,252
432,274
432,445
432,468
433,35
433,45
433,93
433,253
433,310
433,387
433,494
434,10
434,92
434,103
434,108
434,116
434,139
434,153
434,154
434,163
434,262
434,364
434,400
434,491
435,10
435,53
435,92
435,103
435,108
435,116
435,139
435,153
435,154
435,163
435,262
435,364
435,400
435,491
436,33
436,93
436,95
436,109
436,149
436,185
436,219
436,248
436,286
436,319
436,326
436,334
436,360
436,371
436,377
436,484
437,33
437,93
437,95
437,109
437,149
437,185
437,219
437,240
437,241
437,248
437,286
437,319
437,326
437,334
437,335
437,360
437,371
437,377
437,484
438,21
438,38
438,67
438,88
438,102
438,157
438,175
438,185
438,313
438,317
438,335
438,383
438,389
439,3
439,60
439,93
439,94
439,96
439,102
439,112
439,113
439,115
439,164
439,219
439,226
439,227
439,271
439,272
439,278
439,321
439,383
440,1
440,186
440,204
440,287
440,383
441,31
441,45
441,47
441,64
441,102
441,119
441,253
441,269
441,297
441,304
441,355
441,448
441,485
441,496
441,497
442,95
442,109
442,138
442,174
442,180
442,185
442,228
442,262
442,389
442,399
442,417
442,425
442,466
443,28
443,33
443,36
443,82
443,91
443,163
443,201
443,328
443,337
443,407
444,28
444,33
444,36
444,82
444,91
444,163
444,201
444,328
444,337
444,407
444,530
445,28
445,33
445,36
445,82
445,91
445,163
445,201
445,242
445,328
445,337
445,407
445,424
445,530
446,33
446,34
446,103
446,111
446,118
446,122
446,133
446,205
446,254
446,256
446,278
446,289
446,316
446,363
446,374
446,387
446,498
447,68
447,98
447,103
447,179
447,193
447,203
447,364
447,383
447,395
447,417
447,515
448,14
448,68
448,98
448,193
448,197
448,198
448,232
448,245
448,319
448,347
448,364
448,370
448,382
448,395
448,396
448,399
448,406
448,501
448,505
449,28
449,33
449,36
449,38
449,44
449,89
449,90
449,91
449,242
449,281
449,328
450,28
450,33
450,36
450,38
450,44
450,89
450,90
450,91
450,242
450,281
450,328
450,422
450,423
450,424
451,40
451,42
451,43
451,44
451,184
451,228
451,242
451,282
451,305
451,367
451,390
451,400
451,440
451,450
451,468
451,474
452,40
452,42
452,43
452,44
452,184
452,228
452,242
452,282
452,305
452,367
452,390
452,400
452,422
452,423
452,424
452,440
452,450
452,468
452,474
453,40
453,185
453,188
453,189
453,207
453,228
453,260
453,269
453,279
453,310
453,389
453,398
453,417
453,426
453,474
454,40
454,185
454,188
454,189
454,207
454,228
454,260
454,269
454,279
454,310
454,389
454,398
454,417
454,426
454,474
455,20
455,22
455,44
455,74
455,185
455,230
455,242
455,254
455,255
455,256
455,275
455,378
455,438
455,536
456,1
456,16
456,55
456,213
456,219
456,240
456,250
456,318
456,340
456,352
456,369
456,392
456,445
456,487
457,1
457,16
457,55
457,213
457,219
457,240
457,250
457,318
457,340
457,352
457,369
457,392
457,445
457,487
458,17
458,29
458,33
458,36
458,48
458,56
458,61
458,97
458,109
458,145
458,340
458,352
458,392
458,403
458,469
459,43
459,54
459,59
459,75
459,181
459,196
459,207
459,275
459,320
459,329
459,420
459,452
460,8
460,43
460,54
460,59
460,75
460,181
460,196
460,207
460,275
460,320
460,329
460,420
460,452
461,10
461,43
461,98
461,103
461,154
461,185
461,196
461,232
461,269
461,279
461,289
461,372
461,373
461,374
461,386
461,399
461,400
461,417
461,468
462,33
462,48
462,49
462,84
462,86
462,103
462,112
462,192
462,199
462,209
462,243
462,319
462,360
462,393
462,429
462,430
462,435
462,443
462,486
463,21
463,23
463,35
463,48
463,50
463,103
463,111
463,122
463,205
463,282
463,287
463,360
463,378
463,382
463,438
463,498
464,23
464,30
464,31
464,32
464,36
464,39
464,89
464,184
464,224
464,350
464,359
464,398
464,439
464,444
464,498
464,529
465,20
465,21
465,22
465,71
465,72
465,74
465,77
465,78
465,79
465,132
465,202
465,246
465,275
465,282
465,321
465,335
465,363
465,378
465,438
466,7
466,9
466,43
466,67
466,84
466,85
466,86
466,87
466,98
466,103
466,113
466,129
466,351
466,416
466,435
466,486
467,7
467,9
467,43
467,52
467,53
467,63
467,83
467,108
467,109
467,123
467,126
467,185
467,241
467,436
467,481
467,499
468,143
468,245
468,396
468,403
469,33
469,48
469,49
469,98
469,103
469,104
469,163
469,193
469,197
469,228
469,246
469,253
469,364
469,369
469,400
469,403
469,405
469,450
470,14
470,28
470,33
470,39
470,75
470,98
470,202
470,235
470,241
470,270
470,320
470,345
470,348
470,387
471,28
471,33
471,39
471,44
471,59
471,98
471,112
471,196
471,243
471,258
471,270
471,387
471,420
471,423
472,12
472,14
472,28
472,98
472,103
472,106
472,185
472,210
472,282
472,327
472,369
472,398
472,400
472,404
472,422
472,423
472,424
472,512
473,36
473,37
473,54
473,59
473,64
473,89
473,181
473,184
473,189
473,203
473,246
473,258
473,300
473,316
473,423
473,426
473,458
474,33
474,60
474,63
474,97
474,105
474,160
474,161
474,176
474,192
474,199
474,277
474,324
474,373
474,393
474,417
474,433
474,435
475,14
475,43
475,93
475,100
475,104
475,163
475,182
475,206
475,210
475,270
475,348
475,364
475,370
475,400
475,427
475,500
475,505
476,33
476,86
476,156
476,157
476,192
476,199
476,201
476,209
476,334
476,335
476,350
476,356
476,393
476,408
476,414
476,435
476,443
476,444
477,7
477,8
477,9
477,20
477,43
477,50
477,101
477,109
477,174
477,193
477,212
477,228
477,248
477,261
477,310
477,325
477,356
477,371
477,425
477,506
478,43
478,59
478,104
478,109
478,181
478,194
478,196
478,258
478,310
478,358
478,420
478,445
478,466
479,84
479,86
479,104
479,109
479,164
479,253
479,268
479,271
479,310
479,351
479,435
479,466
479,486
479,506
480,93
480,129
480,133
480,156
480,175
480,203
480,248
480,262
480,281
480,286
480,326
480,363
481,93
481,129
481,156
481,182
481,204
481,248
481,286
481,326
481,361
481,363
481,381
481,383
482,93
482,129
482,153
482,156
482,197
482,248
482,253
482,286
482,326
482,363
482,387
482,417
483,163
483,184
483,225
483,231
483,232
483,246
483,337
483,368
483,396
483,408
483,414
483,430
483,459
484,56
484,163
484,184
484,225
484,246
484,337
484,352
484,396
484,401
484,408
484,414
484,460
485,43
485,83
485,184
485,242
485,246
485,257
485,319
485,414
485,424
485,436
485,442
485,444
485,463
486,7
486,8
486,9
486,109
486,146
486,193
486,279
486,282
486,371
486,416
486,428
486,462
486,469
486,484
487,163
487,184
487,194
487,225
487,246
487,337
487,396
487,414
487,421
487,425
487,466
487,467
487,506
488,54
488,62
488,93
488,94
488,104
488,163
488,219
488,236
488,248
488,375
488,427
488,461
489,48
489,61
489,145
489,151
489,204
489,240
489,250
489,291
489,346
489,352
489,392
490,48
490,61
490,145
490,151
490,204
490,240
490,250
490,291
490,294
490,346
490,352
490,391
490,392
491,50
491,95
491,98
491,104
491,114
491,138
491,171
491,185
491,399
491,417
491,464
491,466
492,73
492,74
492,186
492,230
492,235
492,312
492,345
492,361
492,363
492,388
492,412
492,465
493,63
493,69
493,105
493,195
493,245
493,248
493,287
493,304
493,322
493,356
493,363
493,386
493,414
493,449
494,29
494,38
494,93
494,98
494,116
494,179
494,203
494,315
494,394
494,428
494,481
494,488
494,500
494,510
494,515
494,517
494,545
495,21
495,22
495,33
495,35
495,43
495,72
495,73
495,74
495,202
495,348
495,378
495,380
495,437
495,489
495,536
496,21
496,22
496,33
496,35
496,43
496,72
496,73
496,74
496,202
496,348
496,378
496,380
496,437
496,489
496,536
497,21
497,22
497,33
497,35
497,43
497,72
497,73
497,74
497,202
497,348
497,378
497,380
497,437
497,489
497,536
498,33
498,36
498,39
498,46
498,52
498,53
498,111
498,123
498,205
498,316
498,372
498,394
498,457
498,488
498,535
499,33
499,36
499,39
499,46
499,52
499,53
499,111
499,123
499,205
499,292
499,316
499,372
499,394
499,457
499,488
499,535
500,33
500,36
500,39
500,46
500,52
500,53
500,111
500,123
500,205
500,292
500,316
500,359
500,372
500,394
500,457
500,488
500,535
501,14
501,33
501,39
501,55
501,56
501,116
501,210
501,227
501,279
501,346
501,352
501,401
501,453
501,514
501,534
502,14
502,33
502,39
502,55
502,56
502,116
502,210
502,227
502,279
502,346
502,352
502,401
502,453
502,514
502,534
503,14
503,33
503,39
503,55
503,56
503,116
503,163
503,210
503,224
503,227
503,279
503,346
503,352
503,401
503,453
503,514
503,534
504,21
504,28
504,33
504,43
504,44
504,95
504,117
504,158
504,162
504,197
504,212
504,226
504,242
504,495
504,526
505,21
505,28
505,33
505,43
505,44
505,67
505,95
505,109
505,117
505,158
505,162
505,197
505,212
505,226
505,242
505,244
505,495
506,33
506,36
506,43
506,44
506,46
506,179
506,242
506,270
506,316
506,387
506,416
506,514
506,526
507,33
507,36
507,43
507,44
507,46
507,179
507,242
507,270
507,316
507,387
507,416
507,514
507,526
508,33
508,36
508,43
508,44
508,46
508,179
508,242
508,270
508,316
508,387
508,416
508,422
508,423
508,424
508,514
508,526
509,10
509,28
509,45
509,154
509,163
509,228
509,252
509,259
509,274
509,289
509,372
509,389
509,400
509,417
509,445
509,468
510,10
510,28
510,45
510,154
510,163
510,228
510,252
510,259
510,269
510,274
510,289
510,372
510,389
510,400
510,417
510,468
511,10
511,22
511,43
511,44
511,73
511,122
511,154
511,242
511,259
511,278
511,363
511,374
511,402
511,447
511,512
512,43
512,122
512,154
512,402
513,10
513,43
513,44
513,122
513,126
513,133
513,154
513,242
513,278
513,281
513,363
513,374
513,481
513,510
513,512
514,43
514,122
514,154
514,481
515,10
515,43
515,44
515,55
515,122
515,154
515,242
515,269
515,278
515,346
515,362
515,363
515,374
515,503
515,512
516,43
516,122
516,154
516,503
517,60
517,94
517,95
517,111
517,138
517,149
517,171
517,236
517,248
517,281
517,286
517,347
517,381
517,428
517,477
517,485
517,500
518,60
518,95
518,111
518,381
519,13
519,16
519,43
519,45
519,98
519,143
519,197
519,207
519,263
519,269
519,297
519,314
519,355
519,366
519,403
520,13
520,16
520,43
520,45
520,98
520,143
520,197
520,207
520,263
520,269
520,297
520,314
520,355
520,366
520,403
521,13
521,16
521,43
521,45
521,98
521,143
521,197
521,207
521,263
521,269
521,297
521,314
521,355
521,366
521,403
522,23
522,37
522,39
522,86
522,97
522,98
522,209
522,228
522,268
522,351
522,435
522,488
522,528
523,23
523,37
523,39
523,86
523,97
523,98
523,209
523,228
523,268
523,351
523,435
523,488
523,528
524,28
524,29
524,33
524,106
524,153
524,157
524,189
524,201
524,334
524,350
524,444
524,446
524,479
525,28
525,29
525,33
525,106
525,153
525,157
525,189
525,201
525,334
525,350
525,408
525,444
525,446
525,479
526,28
526,29
526,33
526,106
526,153
526,157
526,189
526,201
526,334
526,350
526,408
526,444
526,446
526,479
527,16
527,93
527,94
527,133
527,213
527,248
527,283
527,286
527,314
527,316
527,347
527,372
527,403
527,531
528,16
528,93
528,94
528,133
528,213
528,248
528,283
528,286
528,314
528,316
528,347
528,372
528,403
528,531
529,10
529,14
529,89
529,90
529,91
529,154
529,157
529,163
529,189
529,201
529,229
529,232
529,300
529,468
529,529
530,10
530,14
530,32
530,89
530,90
530,91
530,154
530,157
530,163
530,189
530,201
530,229
530,232
530,300
530,468
530,529
531,1
531,3
531,36
531,38
531,45
531,213
531,270
531,287
531,290
531,387
531,493
531,494
531,495
531,505
532,1
532,43
532,67
532,88
532,116
532,117
532,157
532,184
532,223
532,264
532,276
532,339
532,358
532,359
532,444
532,498
533,1
533,43
533,67
533,88
533,116
533,117
533,157
533,184
533,223
533,264
533,276
533,339
533,358
533,359
533,444
533,498
534,1
534,43
534,67
534,88
534,116
534,117
534,157
534,184
534,223
534,264
534,276
534,339
534,358
534,359
534,444
534,498
535,45
535,48
535,56
535,61
535,145
535,175
535,240
535,253
535,304
535,330
535,341
535,392
535,496
535,497
536,45
536,48
536,56
536,61
536,145
536,175
536,240
536,253
536,304
536,330
536,341
536,392
536,496
536,497
537,45
537,48
537,51
537,56
537,61
537,145
537,175
537,240
537,253
537,304
537,330
537,341
537,392
537,409
537,496
537,497
538,20
538,34
538,43
538,69
538,116
538,117
538,179
538,203
538,233
538,276
538,279
538,339
538,469
538,480
538,509
539,2
539,24
539,43
539,68
539,116
539,117
539,179
539,203
539,249
539,280
539,339
539,370
539,490
539,501
539,514
540,33
540,75
540,81
540,175
540,203
540,405
540,450
540,522
541,33
541,75
541,81
541,182
541,320
541,450
542,14
542,33
542,75
542,81
542,163
542,206
542,270
542,348
542,404
542,437
542,450
542,494
542,522
543,38
543,40
543,92
543,97
543,103
543,111
543,182
543,205
543,228
543,342
543,431
543,450
543,474
543,537
544,38
544,40
544,92
544,97
544,103
544,111
544,182
544,205
544,228
544,334
544,342
544,431
544,450
544,474
544,537
545,38
545,40
545,92
545,97
545,103
545,111
545,182
545,205
545,224
545,226
545,228
545,342
545,431
545,450
545,474
545,537
546,71
546,72
546,73
546,74
546,75
546,76
546,77
546,78
546,178
546,202
546,204
546,241
546,270
546,283
546,412
546,538
547,16
547,72
547,73
547,74
547,178
547,366
547,542
548,71
548,72
548,73
548,74
548,78
548,79
548,202
548,235
548,241
548,270
548,312
548,345
548,412
548,437
548,494
548,495
549,72
549,73
549,74
549,80
549,235
549,298
549,483
550,29
550,33
550,36
550,37
550,38
550,44
550,55
550,175
550,184
550,242
550,253
550,401
550,453
550,487
550,498
550,515
551,28
551,37
551,43
551,44
551,89
551,91
551,99
551,184
551,189
551,201
551,207
551,242
551,259
551,328
551,372
551,373
551,492
552,28
552,37
552,43
552,44
552,89
552,91
552,99
552,184
552,189
552,201
552,207
552,242
552,259
552,328
552,372
552,373
552,492
553,28
553,43
553,44
553,89
553,91
553,99
553,184
553,189
553,200
553,201
553,207
553,242
553,259
553,328
553,372
553,373
553,492
554,7
554,29
554,33
554,37
554,99
554,187
554,205
554,253
554,263
554,269
554,276
554,315
554,394
554,424
554,510
554,526
555,7
555,29
555,33
555,37
555,99
555,187
555,205
555,207
555,263
555,269
555,276
555,315
555,359
555,394
555,424
555,510
555,526
556,42
556,64
556,71
556,72
556,74
556,76
556,80
556,178
556,202
556,230
556,235
556,241
556,275
556,302
556,367
556,389
556,495
556,538
557,28
557,110
557,157
557,163
557,175
557,185
557,210
557,350
557,397
557,404
557,439
557,446
557,450
557,479
557,504
558,28
558,110
558,157
558,163
558,175
558,185
558,350
558,397
558,404
558,439
558,446
558,450
558,479
558,504
559,28
559,29
559,43
559,67
559,136
559,184
559,185
559,207
559,242
559,263
559,264
559,280
559,371
559,431
559,457
559,498
560,28
560,29
560,43
560,67
560,136
560,184
560,185
560,207
560,242
560,263
560,264
560,280
560,371
560,431
560,457
560,498
561,16
561,18
561,60
561,94
561,95
561,113
561,115
561,119
561,143
561,149
561,314
561,322
561,356
561,357
561,366
561,403
561,485
562,50
562,101
562,114
562,174
562,182
562,194
562,212
562,247
562,261
562,288
562,310
562,466
562,470
562,471
562,506
563,50
563,101
563,114
563,174
563,182
563,184
563,194
563,212
563,247
563,261
563,288
563,310
563,466
563,470
563,471
563,506
564,44
564,55
564,56
564,110
564,117
564,157
564,174
564,182
564,205
564,240
564,242
564,246
564,362
564,401
564,453
564,469
564,479
564,504
565,44
565,55
565,56
565,110
565,117
565,157
565,174
565,182
565,205
565,240
565,242
565,246
565,362
565,401
565,453
565,469
565,479
565,504
566,17
566,37
566,43
566,88
566,97
566,98
566,104
566,157
566,184
566,225
566,242
566,246
566,283
566,337
566,365
566,369
566,501
566,512
567,17
567,37
567,43
567,88
567,97
567,98
567,104
567,157
567,184
567,225
567,242
567,246
567,283
567,337
567,365
567,369
567,501
567,512
568,1
568,3
568,36
568,92
568,124
568,133
568,139
568,153
568,188
568,254
568,256
568,278
568,390
568,441
568,491
568,499
569,1
569,3
569,34
569,92
569,124
569,133
569,139
569,153
569,188
569,254
569,256
569,278
569,390
569,441
569,491
569,499
570,10
570,43
570,97
570,154
570,184
570,185
570,228
570,259
570,269
570,286
570,313
570,373
570,386
570,417
570,492
570,539
571,10
571,43
571,97
571,154
571,184
571,185
571,228
571,259
571,269
571,286
571,369
571,373
571,386
571,400
571,417
571,468
571,492
571,539
572,1
572,3
572,21
572,45
572,47
572,129
572,204
572,227
572,270
572,304
572,321
572,358
572,387
572,445
572,495
572,497
572,541
573,47
573,270
573,321
573,331
573,350
573,541
574,1
574,3
574,60
574,93
574,94
574,185
574,204
574,248
574,260
574,313
574,321
574,373
574,377
574,473
574,477
574,478
575,1
575,3
575,60
575,93
575,94
575,185
575,204
575,248
575,260
575,313
575,321
575,373
575,377
575,473
575,477
575,478
576,1
576,3
576,60
576,93
576,94
576,185
576,204
576,248
576,260
576,313
576,321
576,373
576,377
576,473
576,477
576,478
577,94
577,105
577,113
577,115
577,149
577,204
577,205
577,220
577,237
577,248
577,283
577,285
577,289
577,377
577,472
577,473
578,94
578,105
578,113
578,115
578,149
578,204
578,205
578,220
578,237
578,248
578,283
578,285
578,289
578,377
578,472
578,473
579,94
579,105
579,113
579,115
579,146
579,149
579,204
579,205
579,220
579,237
579,248
579,283
579,285
579,289
579,377
579,472
579,473
580,17
580,55
580,61
580,240
580,297
580,332
580,346
580,352
580,355
580,366
580,392
580,403
580,413
580,432
580,542
581,17
581,55
581,61
581,240
581,297
581,332
581,346
581,352
581,355
581,366
581,392
581,403
581,413
581,432
581,542
582,54
582,58
582,59
582,106
582,151
582,196
582,243
582,253
582,258
582,269
582,310
582,329
582,333
582,419
582,429
583,54
583,58
583,59
583,106
583,151
583,196
583,243
583,253
583,258
583,269
583,310
583,329
583,333
583,419
583,429
584,54
584,58
584,59
584,106
584,151
584,196
584,243
584,253
584,258
584,269
584,310
584,311
584,329
584,333
584,419
584,429
585,24
585,26
585,28
585,33
585,36
585,38
585,45
585,73
585,76
585,185
585,204
585,267
585,293
585,312
585,412
586,24
586,26
586,28
586,33
586,36
586,38
586,45
586,73
586,76
586,185
586,204
586,224
586,267
586,293
586,312
586,412
586,532
587,39
587,84
587,97
587,98
587,104
587,113
587,209
587,227
587,228
587,268
587,351
587,435
587,486
587,512
587,521
588,14
588,29
588,31
588,36
588,38
588,43
588,64
588,163
588,175
588,184
588,203
588,206
588,210
588,404
588,405
589,14
589,29
589,31
589,41
589,43
589,64
589,163
589,179
589,206
589,334
589,404
589,405
589,416
589,442
589,501
590,71
590,72
590,74
590,76
590,92
590,117
590,147
590,185
590,202
590,230
590,235
590,275
590,310
590,476
590,499
591,71
591,72
591,74
591,76
591,92
591,117
591,147
591,185
591,202
591,230
591,235
591,275
591,310
591,476
591,499
592,56
592,61
592,71
592,101
592,105
592,145
592,240
592,323
592,346
592,352
592,362
592,378
592,466
592,506
593,56
593,61
593,71
593,101
593,105
593,145
593,240
593,323
593,346
593,352
593,362
593,378
593,466
593,506
594,1
594,3
594,56
594,182
594,219
594,270
594,273
594,346
594,352
594,358
594,361
594,362
594,392
594,453
594,469
594,487
594,505
595,81
595,86
595,97
595,103
595,141
595,163
595,169
595,210
595,324
595,380
595,389
595,405
595,435
595,450
595,486
595,527
596,81
596,86
596,97
596,103
596,141
596,163
596,169
596,210
596,324
596,380
596,389
596,405
596,435
596,450
596,486
596,527
597,33
597,42
597,106
597,120
597,153
597,174
597,205
597,232
597,275
597,334
597,360
597,371
597,429
597,430
597,442
598,33
598,42
598,106
598,120
598,153
598,174
598,205
598,232
598,275
598,334
598,360
598,371
598,429
598,430
598,431
598,438
598,442
599,11
599,20
599,63
599,84
599,103
599,192
599,199
599,268
599,319
599,429
599,435
599,451
599,475
599,508
599,544
600,11
600,20
600,63
600,84
600,103
600,192
600,199
600,268
600,319
600,429
600,435
600,451
600,475
600,508
600,544
601,11
601,20
601,63
601,84
601,103
601,192
601,199
601,268
601,319
601,429
601,435
601,451
601,475
601,508
601,544
602,33
602,86
602,209
602,451
603,20
603,29
603,37
603,51
603,85
603,86
603,192
603,209
603,242
603,380
603,435
603,451
603,489
603,491
603,528
604,29
604,51
604,242
604,306
604,435
605,29
605,45
605,60
605,93
605,94
605,105
605,237
605,244
605,286
605,347
605,357
605,377
605,428
605,470
605,471
605,472
605,485
605,493
606,29
606,45
606,60
606,93
606,94
606,105
606,237
606,244
606,286
606,347
606,357
606,377
606,428
606,470
606,471
606,472
606,485
606,493
607,52
607,83
607,101
607,107
607,109
607,123
607,174
607,220
607,247
607,261
607,262
607,286
607,310
607,315
607,481
607,506
607,517
608,52
608,83
608,101
608,107
608,109
608,123
608,174
608,220
608,247
608,261
608,262
608,286
608,310
608,315
608,481
608,506
608,517
609,109
609,123
609,481
609,506
610,10
610,12
610,14
610,43
610,82
610,163
610,184
610,200
610,206
610,269
610,337
610,349
610,372
610,406
610,416
610,530
611,10
611,12
611,14
611,43
611,82
611,163
611,184
611,200
611,206
611,269
611,337
611,349
611,372
611,406
611,416
611,530
612,10
612,12
612,14
612,43
612,82
612,163
612,184
612,200
612,206
612,269
612,337
612,349
612,372
612,406
612,416
612,530
613,37
613,45
613,59
613,117
613,154
613,156
613,163
613,175
613,181
613,196
613,203
613,204
613,258
613,329
613,362
614,37
614,45
614,59
614,117
614,154
614,156
614,163
614,175
614,181
614,196
614,203
614,207
614,258
614,276
614,329
614,362
614,453
614,556
615,20
615,54
615,58
615,62
615,76
615,105
615,109
615,113
615,114
615,115
615,151
615,159
615,163
615,196
615,229
615,329
615,400
615,420
616,34
616,51
616,72
616,105
616,117
616,141
616,151
616,174
616,182
616,202
616,281
616,385
616,405
616,515
616,522
617,72
617,97
617,98
617,104
617,105
617,129
617,141
617,202
617,369
617,382
617,384
617,405
617,491
617,515
617,522
618,84
618,85
618,90
618,117
618,175
618,189
618,203
618,279
618,293
618,300
618,330
618,340
618,341
618,426
618,435
619,1
619,3
619,26
619,96
619,129
619,136
619,179
619,197
619,252
619,340
619,347
619,369
619,395
619,396
619,409
619,501
620,1
620,3
620,26
620,96
620,129
620,136
620,179
620,197
620,252
620,340
620,347
620,369
620,395
620,396
620,409
620,469
621,10
621,43
621,44
621,82
621,163
621,184
621,200
621,242
621,276
621,279
621,337
621,400
621,431
621,468
621,498
621,525
622,1
622,5
622,89
622,101
622,111
622,174
622,189
622,205
622,222
622,223
622,264
622,310
622,325
622,334
622,359
623,1
623,5
623,89
623,101
623,111
623,174
623,189
623,205
623,222
623,223
623,264
623,310
623,325
623,334
623,359
623,484
624,10
624,12
624,14
624,43
624,163
624,184
624,185
624,210
624,232
624,259
624,319
624,334
624,372
624,373
624,400
624,442
625,10
625,12
625,14
625,43
625,163
625,184
625,185
625,210
625,232
625,259
625,319
625,334
625,368
625,372
625,373
625,400
625,442
626,14
626,30
626,31
626,37
626,43
626,99
626,116
626,179
626,184
626,224
626,228
626,279
626,416
626,543
627,17
627,18
627,31
627,37
627,43
627,64
627,163
627,184
627,306
627,332
627,366
627,403
627,413
627,432
627,468
627,507
628,17
628,18
628,31
628,37
628,43
628,64
628,163
628,184
628,276
628,306
628,332
628,366
628,403
628,413
628,432
628,468
628,507
629,16
629,18
629,31
629,43
629,119
629,185
629,260
629,365
629,366
629,373
629,386
629,399
629,403
629,413
629,417
629,432
630,16
630,18
630,31
630,43
630,119
630,185
630,198
630,260
630,365
630,366
630,373
630,386
630,399
630,403
630,413
630,417
630,432
631,20
631,53
631,83
631,122
631,133
631,154
631,163
631,254
631,255
631,256
631,289
631,316
631,450
631,481
631,510
631,517
632,11
632,12
632,28
632,44
632,91
632,97
632,210
632,232
632,242
632,319
632,334
632,404
632,442
632,450
632,494
633,21
633,29
633,33
633,34
633,44
633,46
633,82
633,116
633,184
633,200
633,225
633,242
633,304
633,406
633,407
633,526
634,21
634,29
634,34
634,44
634,46
634,82
634,116
634,184
634,200
634,225
634,242
634,304
634,406
634,407
634,458
634,526
635,21
635,29
635,34
635,44
635,46
635,82
635,116
635,161
635,184
635,200
635,225
635,242
635,304
635,406
635,407
635,526
636,36
636,37
636,38
636,52
636,81
636,133
636,141
636,172
636,394
636,405
636,450
636,488
637,16
637,18
637,52
637,81
637,83
637,141
637,257
637,318
637,405
637,476
637,483
637,542
637,552
638,14
638,24
638,36
638,43
638,98
638,232
638,270
638,368
638,370
638,442
638,501
638,514
638,526
638,533
639,14
639,24
639,36
639,43
639,98
639,157
639,270
639,370
639,444
639,479
639,501
639,514
639,526
639,533
640,14
640,24
640,36
640,43
640,98
640,202
640,270
640,345
640,348
640,370
640,501
640,514
640,526
640,533
641,16
641,37
641,44
641,97
641,207
641,240
641,242
641,253
641,279
641,310
641,314
641,326
641,359
641,366
641,399
641,403
641,542
642,37
642,44
642,84
642,87
642,97
642,207
642,242
642,253
642,268
642,279
642,310
642,351
642,359
642,377
642,399
642,417
642,435
643,53
643,82
643,126
643,163
643,200
643,225
643,242
643,246
643,286
643,304
643,326
643,406
643,424
643,551
643,558
644,82
644,85
644,87
644,163
644,200
644,225
644,242
644,246
644,286
644,304
644,337
644,422
644,428
644,550
644,559
645,14
645,88
645,89
645,90
645,157
645,200
645,201
645,286
645,317
645,326
645,335
645,341
645,359
645,386
645,414
645,444
645,523
646,58
646,59
646,82
646,163
646,184
646,196
646,200
646,225
646,246
646,283
646,286
646,304
646,406
646,549
647,14
647,24
647,36
647,43
647,56
647,61
647,270
647,370
647,401
647,453
647,501
647,514
647,526
647,533
648,47
648,60
648,93
648,94
648,98
648,195
648,272
648,298
648,304
648,358
648,369
648,370
648,496
648,497
648,512
649,63
649,98
649,103
649,120
649,161
649,163
649,192
649,199
649,210
649,232
649,319
649,324
649,393
649,404
649,405
649,443
649,488
649,493
649,546
